{"resolutionX": {"5.114270828613426": 9810, "5.1142708286134315": 31300, "5.114270828613435": 12440, "5.114270828613427": 1080, "5.114270828613434": 4420, "5.114270828613424": 2320, "5.114270828613429": 14400, "5.114270828613433": 5720, "5.114270828613425": 1080, "5.114270828613436": 1970, "5.114270828613431": 1260, "5.114270828613438": 730, "5.114270828613439": 380}, "resolutionY": {"5.114270828613426": 9810, "5.1142708286134315": 31300, "5.114270828613435": 12440, "5.114270828613427": 1080, "5.114270828613434": 4420, "5.114270828613424": 2320, "5.114270828613429": 14400, "5.114270828613433": 5720, "5.114270828613425": 1080, "5.114270828613436": 1970, "5.114270828613431": 1260, "5.114270828613438": 730, "5.114270828613439": 380}}