{
  "sum_all_vals": -1055176831312.0,
  "total_num_px": 94929199354,
  "sum_squared_diff_mean": 7505569406464.0,
  "mean": -11.115408520166122,
  "std": 8.891845616108322
}