{"resolutionX": {"10.228541657226852": 41790, "10.228541657226863": 133056, "10.22854165722687": 52962, "10.228541657226854": 4557, "10.228541657226868": 18900, "10.228541657226849": 9912, "10.228541657226858": 61404, "10.228541657226867": 24339, "10.22854165722685": 4662, "10.228541657226872": 8337, "10.228541657226861": 5418, "10.228541657226875": 3108, "10.228541657226877": 1596}, "resolutionY": {"10.228541657226852": 41790, "10.228541657226863": 133056, "10.22854165722687": 52962, "10.228541657226854": 4557, "10.228541657226868": 18900, "10.228541657226849": 9912, "10.228541657226858": 61404, "10.228541657226867": 24339, "10.22854165722685": 4662, "10.228541657226872": 8337, "10.228541657226861": 5418, "10.228541657226875": 3108, "10.228541657226877": 1596}}